feedback_id,user_id,rating,feature_name,comments,session_id
F000001,U00002,5,Automation,Would love to see more customization options.,S000003
F000002,U00002,5,Dashboard,"Great overall, but the insights could be more actionable.",S000004
F000003,U00005,2,Automation,Would love to see more customization options.,S000015
F000004,U00005,4,Automation,"Mobile experience is fantastic, thanks!",S000016
F000005,U00005,3,Dashboard,"App crashed once while editing settings, but recovered quickly.",S000017
F000006,U00006,4,Integrations,Notifications feel noisy—maybe add batching?,S000018
F000007,U00007,3,Integrations,The new automation routine is a game changer.,S000021
F000008,U00009,4,Dashboard,Ran into a few slowdowns during peak hours.,S000028
F000009,U00010,2,Dashboard,The new automation routine is a game changer.,S000030
F000010,U00012,5,Automation,"Great overall, but the insights could be more actionable.",S000035
F000011,U00012,2,Automation,Ran into a few slowdowns during peak hours.,S000037
F000012,U00012,1,Integrations,"App crashed once while editing settings, but recovered quickly.",S000038
F000013,U00015,3,Insights,"Mobile experience is fantastic, thanks!",S000044
F000014,U00017,5,Notifications,"Great overall, but the insights could be more actionable.",S000050
F000015,U00017,5,Settings,"Mobile experience is fantastic, thanks!",S000051
F000016,U00019,5,Settings,Ran into a few slowdowns during peak hours.,S000053
F000017,U00019,2,Notifications,Collaboration tools could integrate better with Slack.,S000054
F000018,U00019,3,Settings,"Great overall, but the insights could be more actionable.",S000055
F000019,U00019,4,Integrations,Notifications feel noisy—maybe add batching?,S000057
F000020,U00020,4,Collaboration,"Super intuitive flow, helped me finish tasks faster.",S000059
F000021,U00021,5,Collaboration,Would love to see more customization options.,S000061
F000022,U00022,2,Settings,Reporting export worked flawlessly for my client update.,S000069
F000023,U00024,4,Notifications,The new automation routine is a game changer.,S000077
F000024,U00025,5,Dashboard,Ran into a few slowdowns during peak hours.,S000079
F000025,U00025,5,Dashboard,"Super intuitive flow, helped me finish tasks faster.",S000081
F000026,U00026,3,Integrations,"Super intuitive flow, helped me finish tasks faster.",S000085
F000027,U00029,4,Settings,"App crashed once while editing settings, but recovered quickly.",S000092
F000028,U00030,2,Insights,"Mobile experience is fantastic, thanks!",S000093
F000029,U00032,5,Insights,Reporting export worked flawlessly for my client update.,S000099
F000030,U00033,5,Automation,Reporting export worked flawlessly for my client update.,S000101
F000031,U00034,1,Notifications,"Super intuitive flow, helped me finish tasks faster.",S000111
F000032,U00036,5,Settings,Would love to see more customization options.,S000114
F000033,U00036,5,Dashboard,Reporting export worked flawlessly for my client update.,S000115
F000034,U00037,5,Settings,Would love to see more customization options.,S000119
F000035,U00038,1,Integrations,"Super intuitive flow, helped me finish tasks faster.",S000121
F000036,U00039,1,Dashboard,"App crashed once while editing settings, but recovered quickly.",S000126
F000037,U00040,2,Notifications,Collaboration tools could integrate better with Slack.,S000128
F000038,U00040,5,Settings,Notifications feel noisy—maybe add batching?,S000131
F000039,U00041,3,Dashboard,Collaboration tools could integrate better with Slack.,S000134
F000040,U00043,3,Integrations,"Super intuitive flow, helped me finish tasks faster.",S000142
F000041,U00044,3,Reporting,"Super intuitive flow, helped me finish tasks faster.",S000150
F000042,U00048,1,Automation,Reporting export worked flawlessly for my client update.,S000163
F000043,U00049,1,Automation,Would love to see more customization options.,S000166
F000044,U00049,4,Dashboard,Would love to see more customization options.,S000167
F000045,U00050,5,Integrations,Would love to see more customization options.,S000173
F000046,U00050,4,Insights,"Super intuitive flow, helped me finish tasks faster.",S000174
F000047,U00052,3,Automation,Reporting export worked flawlessly for my client update.,S000181
F000048,U00052,4,Integrations,"Great overall, but the insights could be more actionable.",S000183
F000049,U00053,2,Settings,Collaboration tools could integrate better with Slack.,S000185
F000050,U00053,2,Notifications,"Great overall, but the insights could be more actionable.",S000188
F000051,U00053,2,Integrations,"Mobile experience is fantastic, thanks!",S000189
F000052,U00055,2,Integrations,The new automation routine is a game changer.,S000196
F000053,U00055,4,Collaboration,"Super intuitive flow, helped me finish tasks faster.",S000197
F000054,U00055,1,Reporting,"Mobile experience is fantastic, thanks!",S000198
F000055,U00056,2,Collaboration,The new automation routine is a game changer.,S000201
F000056,U00056,1,Settings,Reporting export worked flawlessly for my client update.,S000202
F000057,U00056,3,Automation,"Mobile experience is fantastic, thanks!",S000203
F000058,U00057,4,Settings,"Super intuitive flow, helped me finish tasks faster.",S000204
F000059,U00057,4,Integrations,Notifications feel noisy—maybe add batching?,S000207
F000060,U00058,5,Reporting,"Mobile experience is fantastic, thanks!",S000210
F000061,U00058,1,Integrations,Notifications feel noisy—maybe add batching?,S000211
F000062,U00059,2,Notifications,Would love to see more customization options.,S000217
F000063,U00060,5,Insights,Notifications feel noisy—maybe add batching?,S000219
F000064,U00061,3,Automation,"App crashed once while editing settings, but recovered quickly.",S000221
F000065,U00064,5,Collaboration,"App crashed once while editing settings, but recovered quickly.",S000225
F000066,U00064,2,Notifications,"Mobile experience is fantastic, thanks!",S000227
F000067,U00065,2,Settings,Reporting export worked flawlessly for my client update.,S000233
F000068,U00067,2,Settings,Collaboration tools could integrate better with Slack.,S000240
F000069,U00068,4,Settings,Collaboration tools could integrate better with Slack.,S000242
F000070,U00069,2,Reporting,Collaboration tools could integrate better with Slack.,S000244
F000071,U00069,1,Notifications,Ran into a few slowdowns during peak hours.,S000246
F000072,U00069,2,Automation,"Great overall, but the insights could be more actionable.",S000247
F000073,U00070,2,Integrations,Collaboration tools could integrate better with Slack.,S000249
F000074,U00070,4,Integrations,"Great overall, but the insights could be more actionable.",S000254
F000075,U00071,2,Automation,Notifications feel noisy—maybe add batching?,S000255
F000076,U00071,3,Dashboard,"Great overall, but the insights could be more actionable.",S000257
F000077,U00071,2,Reporting,Would love to see more customization options.,S000258
F000078,U00075,4,Dashboard,Would love to see more customization options.,S000263
F000079,U00075,2,Settings,The new automation routine is a game changer.,S000265
F000080,U00075,5,Reporting,Collaboration tools could integrate better with Slack.,S000266
F000081,U00078,1,Automation,"Great overall, but the insights could be more actionable.",S000275
F000082,U00078,2,Reporting,"Super intuitive flow, helped me finish tasks faster.",S000276
F000083,U00079,1,Collaboration,Notifications feel noisy—maybe add batching?,S000279
F000084,U00081,5,Settings,"App crashed once while editing settings, but recovered quickly.",S000282
F000085,U00081,5,Collaboration,"Great overall, but the insights could be more actionable.",S000283
F000086,U00081,4,Collaboration,The new automation routine is a game changer.,S000284
F000087,U00081,3,Automation,Collaboration tools could integrate better with Slack.,S000285
F000088,U00083,3,Insights,Would love to see more customization options.,S000291
F000089,U00083,5,Integrations,"Mobile experience is fantastic, thanks!",S000292
F000090,U00083,1,Notifications,"Super intuitive flow, helped me finish tasks faster.",S000295
F000091,U00084,5,Reporting,Notifications feel noisy—maybe add batching?,S000296
F000092,U00084,4,Settings,Collaboration tools could integrate better with Slack.,S000297
F000093,U00085,2,Dashboard,"Mobile experience is fantastic, thanks!",S000298
F000094,U00086,5,Integrations,The new automation routine is a game changer.,S000301
F000095,U00086,2,Insights,Reporting export worked flawlessly for my client update.,S000302
F000096,U00086,1,Automation,The new automation routine is a game changer.,S000303
F000097,U00087,1,Dashboard,"App crashed once while editing settings, but recovered quickly.",S000306
F000098,U00088,4,Insights,"Super intuitive flow, helped me finish tasks faster.",S000308
F000099,U00089,4,Dashboard,Collaboration tools could integrate better with Slack.,S000313
F000100,U00089,4,Collaboration,The new automation routine is a game changer.,S000316
F000101,U00090,2,Dashboard,Collaboration tools could integrate better with Slack.,S000320
F000102,U00090,2,Collaboration,"Super intuitive flow, helped me finish tasks faster.",S000321
F000103,U00090,5,Settings,Reporting export worked flawlessly for my client update.,S000322
F000104,U00091,1,Reporting,Ran into a few slowdowns during peak hours.,S000325
F000105,U00091,1,Insights,Notifications feel noisy—maybe add batching?,S000326
F000106,U00092,4,Integrations,"Super intuitive flow, helped me finish tasks faster.",S000328
F000107,U00093,1,Automation,Reporting export worked flawlessly for my client update.,S000329
F000108,U00094,4,Settings,The new automation routine is a game changer.,S000332
F000109,U00094,5,Notifications,Ran into a few slowdowns during peak hours.,S000333
F000110,U00094,2,Automation,"Super intuitive flow, helped me finish tasks faster.",S000334
F000111,U00095,3,Collaboration,"Great overall, but the insights could be more actionable.",S000335
F000112,U00095,2,Dashboard,Reporting export worked flawlessly for my client update.,S000336
F000113,U00096,5,Dashboard,Would love to see more customization options.,S000339
F000114,U00096,2,Automation,"Mobile experience is fantastic, thanks!",S000340
F000115,U00096,2,Insights,The new automation routine is a game changer.,S000341
F000116,U00096,2,Reporting,Ran into a few slowdowns during peak hours.,S000342
F000117,U00098,2,Notifications,The new automation routine is a game changer.,S000345
F000118,U00098,4,Automation,Reporting export worked flawlessly for my client update.,S000347
F000119,U00099,3,Notifications,"Mobile experience is fantastic, thanks!",S000348
F000120,U00100,4,Settings,"Super intuitive flow, helped me finish tasks faster.",S000351
F000121,U00100,5,Settings,Collaboration tools could integrate better with Slack.,S000352
F000122,U00100,2,Dashboard,"Great overall, but the insights could be more actionable.",S000353
F000123,U00101,4,Integrations,The new automation routine is a game changer.,S000355
F000124,U00101,5,Reporting,Ran into a few slowdowns during peak hours.,S000356
F000125,U00103,2,Settings,Collaboration tools could integrate better with Slack.,S000361
F000126,U00104,1,Automation,"App crashed once while editing settings, but recovered quickly.",S000363
F000127,U00104,2,Dashboard,"Great overall, but the insights could be more actionable.",S000366
F000128,U00105,4,Reporting,The new automation routine is a game changer.,S000369
F000129,U00105,5,Reporting,Ran into a few slowdowns during peak hours.,S000370
F000130,U00106,4,Automation,Collaboration tools could integrate better with Slack.,S000371
F000131,U00106,2,Reporting,The new automation routine is a game changer.,S000373
F000132,U00108,2,Settings,"App crashed once while editing settings, but recovered quickly.",S000383
F000133,U00109,1,Reporting,"App crashed once while editing settings, but recovered quickly.",S000385
F000134,U00109,4,Settings,The new automation routine is a game changer.,S000386
F000135,U00111,3,Collaboration,Notifications feel noisy—maybe add batching?,S000389
F000136,U00111,4,Collaboration,"Great overall, but the insights could be more actionable.",S000391
F000137,U00112,1,Settings,"Mobile experience is fantastic, thanks!",S000392
F000138,U00112,5,Integrations,"Great overall, but the insights could be more actionable.",S000393
F000139,U00114,1,Reporting,The new automation routine is a game changer.,S000399
F000140,U00114,5,Collaboration,"App crashed once while editing settings, but recovered quickly.",S000402
F000141,U00114,2,Dashboard,"App crashed once while editing settings, but recovered quickly.",S000403
F000142,U00117,1,Insights,Notifications feel noisy—maybe add batching?,S000408
F000143,U00119,3,Collaboration,Would love to see more customization options.,S000415
F000144,U00119,1,Automation,Collaboration tools could integrate better with Slack.,S000416
F000145,U00120,4,Settings,Ran into a few slowdowns during peak hours.,S000419
F000146,U00120,3,Notifications,"Great overall, but the insights could be more actionable.",S000420
F000147,U00123,4,Collaboration,The new automation routine is a game changer.,S000425
F000148,U00125,2,Settings,"Great overall, but the insights could be more actionable.",S000432
F000149,U00125,1,Insights,Ran into a few slowdowns during peak hours.,S000433
F000150,U00127,4,Insights,"Great overall, but the insights could be more actionable.",S000437
F000151,U00128,5,Collaboration,The new automation routine is a game changer.,S000440
F000152,U00128,5,Insights,"Super intuitive flow, helped me finish tasks faster.",S000441
F000153,U00128,4,Insights,Ran into a few slowdowns during peak hours.,S000442
F000154,U00128,5,Dashboard,Would love to see more customization options.,S000443
F000155,U00130,5,Dashboard,Would love to see more customization options.,S000447
F000156,U00131,2,Automation,Notifications feel noisy—maybe add batching?,S000448
F000157,U00131,4,Integrations,The new automation routine is a game changer.,S000449
F000158,U00132,1,Automation,"Super intuitive flow, helped me finish tasks faster.",S000451
F000159,U00134,1,Insights,Collaboration tools could integrate better with Slack.,S000455
F000160,U00135,1,Automation,"Mobile experience is fantastic, thanks!",S000457
F000161,U00135,4,Dashboard,Notifications feel noisy—maybe add batching?,S000458
F000162,U00136,1,Dashboard,Notifications feel noisy—maybe add batching?,S000462
F000163,U00138,5,Settings,Collaboration tools could integrate better with Slack.,S000466
F000164,U00139,1,Dashboard,The new automation routine is a game changer.,S000470
F000165,U00140,1,Collaboration,Notifications feel noisy—maybe add batching?,S000471
F000166,U00140,5,Automation,Ran into a few slowdowns during peak hours.,S000474
F000167,U00141,2,Insights,Collaboration tools could integrate better with Slack.,S000476
F000168,U00141,4,Insights,"App crashed once while editing settings, but recovered quickly.",S000477
F000169,U00142,5,Settings,"Super intuitive flow, helped me finish tasks faster.",S000480
F000170,U00142,4,Insights,Would love to see more customization options.,S000481
F000171,U00143,2,Insights,"Great overall, but the insights could be more actionable.",S000483
F000172,U00145,4,Dashboard,Ran into a few slowdowns during peak hours.,S000488
F000173,U00147,1,Insights,Ran into a few slowdowns during peak hours.,S000492
F000174,U00148,4,Insights,"Great overall, but the insights could be more actionable.",S000496
F000175,U00148,4,Integrations,"Mobile experience is fantastic, thanks!",S000497
F000176,U00149,1,Collaboration,"Mobile experience is fantastic, thanks!",S000501
F000177,U00149,4,Automation,"Great overall, but the insights could be more actionable.",S000503
F000178,U00151,2,Insights,Reporting export worked flawlessly for my client update.,S000509
F000179,U00152,1,Insights,The new automation routine is a game changer.,S000510
F000180,U00152,3,Collaboration,Reporting export worked flawlessly for my client update.,S000511
F000181,U00152,5,Settings,Ran into a few slowdowns during peak hours.,S000512
F000182,U00153,3,Reporting,Ran into a few slowdowns during peak hours.,S000515
F000183,U00153,4,Automation,Would love to see more customization options.,S000517
F000184,U00153,3,Automation,"App crashed once while editing settings, but recovered quickly.",S000518
F000185,U00155,4,Automation,"Mobile experience is fantastic, thanks!",S000520
F000186,U00157,1,Reporting,Collaboration tools could integrate better with Slack.,S000529
F000187,U00158,3,Automation,Ran into a few slowdowns during peak hours.,S000533
F000188,U00159,1,Integrations,Ran into a few slowdowns during peak hours.,S000535
F000189,U00159,3,Settings,Reporting export worked flawlessly for my client update.,S000537
F000190,U00159,4,Dashboard,"App crashed once while editing settings, but recovered quickly.",S000538
F000191,U00160,1,Insights,Notifications feel noisy—maybe add batching?,S000539
F000192,U00162,2,Dashboard,Collaboration tools could integrate better with Slack.,S000542
F000193,U00163,1,Integrations,Would love to see more customization options.,S000546
F000194,U00164,4,Settings,"Mobile experience is fantastic, thanks!",S000548
F000195,U00167,2,Notifications,"Super intuitive flow, helped me finish tasks faster.",S000553
F000196,U00167,5,Insights,Would love to see more customization options.,S000555
F000197,U00168,2,Notifications,"Mobile experience is fantastic, thanks!",S000558
F000198,U00168,2,Notifications,Notifications feel noisy—maybe add batching?,S000559
F000199,U00169,3,Integrations,Reporting export worked flawlessly for my client update.,S000560
F000200,U00172,3,Insights,"Super intuitive flow, helped me finish tasks faster.",S000566
F000201,U00173,1,Insights,The new automation routine is a game changer.,S000571
F000202,U00173,1,Reporting,The new automation routine is a game changer.,S000572
F000203,U00173,4,Notifications,Ran into a few slowdowns during peak hours.,S000573
F000204,U00175,1,Settings,Notifications feel noisy—maybe add batching?,S000576
F000205,U00175,3,Integrations,"Mobile experience is fantastic, thanks!",S000577
F000206,U00177,2,Dashboard,Would love to see more customization options.,S000581
F000207,U00177,3,Insights,"Great overall, but the insights could be more actionable.",S000582
F000208,U00177,3,Collaboration,Notifications feel noisy—maybe add batching?,S000583
F000209,U00177,3,Notifications,"Mobile experience is fantastic, thanks!",S000584
F000210,U00177,3,Automation,"App crashed once while editing settings, but recovered quickly.",S000586
F000211,U00178,2,Dashboard,Ran into a few slowdowns during peak hours.,S000589
F000212,U00178,5,Collaboration,"Super intuitive flow, helped me finish tasks faster.",S000590
F000213,U00181,5,Insights,Ran into a few slowdowns during peak hours.,S000598
F000214,U00181,5,Integrations,Notifications feel noisy—maybe add batching?,S000599
F000215,U00182,3,Reporting,Reporting export worked flawlessly for my client update.,S000605
F000216,U00183,1,Automation,Ran into a few slowdowns during peak hours.,S000609
F000217,U00185,5,Settings,"Super intuitive flow, helped me finish tasks faster.",S000618
F000218,U00187,4,Automation,Reporting export worked flawlessly for my client update.,S000623
F000219,U00187,4,Reporting,Ran into a few slowdowns during peak hours.,S000625
F000220,U00187,2,Settings,"Mobile experience is fantastic, thanks!",S000627
F000221,U00187,5,Dashboard,Ran into a few slowdowns during peak hours.,S000628
F000222,U00188,4,Notifications,"Great overall, but the insights could be more actionable.",S000632
F000223,U00189,3,Integrations,"App crashed once while editing settings, but recovered quickly.",S000634
F000224,U00189,1,Automation,Ran into a few slowdowns during peak hours.,S000636
F000225,U00189,2,Automation,Ran into a few slowdowns during peak hours.,S000637
F000226,U00190,5,Dashboard,"Super intuitive flow, helped me finish tasks faster.",S000638
F000227,U00190,4,Notifications,Notifications feel noisy—maybe add batching?,S000639
F000228,U00190,3,Reporting,The new automation routine is a game changer.,S000640
F000229,U00191,5,Reporting,Reporting export worked flawlessly for my client update.,S000643
F000230,U00191,2,Integrations,"Great overall, but the insights could be more actionable.",S000647
F000231,U00192,3,Notifications,Reporting export worked flawlessly for my client update.,S000649
F000232,U00192,2,Collaboration,Ran into a few slowdowns during peak hours.,S000651
F000233,U00193,5,Automation,Reporting export worked flawlessly for my client update.,S000653
F000234,U00193,2,Insights,Reporting export worked flawlessly for my client update.,S000654
F000235,U00194,4,Collaboration,"Super intuitive flow, helped me finish tasks faster.",S000657
F000236,U00194,2,Settings,Collaboration tools could integrate better with Slack.,S000658
F000237,U00195,5,Insights,"App crashed once while editing settings, but recovered quickly.",S000659
F000238,U00195,4,Automation,Ran into a few slowdowns during peak hours.,S000660
F000239,U00196,1,Settings,"App crashed once while editing settings, but recovered quickly.",S000663
F000240,U00198,2,Settings,Collaboration tools could integrate better with Slack.,S000668
F000241,U00199,2,Notifications,Reporting export worked flawlessly for my client update.,S000672
F000242,U00200,2,Notifications,"Mobile experience is fantastic, thanks!",S000675
F000243,U00201,5,Reporting,"Super intuitive flow, helped me finish tasks faster.",S000676
F000244,U00201,1,Settings,Would love to see more customization options.,S000677
F000245,U00201,5,Collaboration,The new automation routine is a game changer.,S000679
F000246,U00202,5,Collaboration,"App crashed once while editing settings, but recovered quickly.",S000680
F000247,U00203,1,Dashboard,"Super intuitive flow, helped me finish tasks faster.",S000682
F000248,U00203,5,Reporting,Collaboration tools could integrate better with Slack.,S000684
F000249,U00203,2,Notifications,Reporting export worked flawlessly for my client update.,S000685
F000250,U00204,4,Insights,"Mobile experience is fantastic, thanks!",S000688
F000251,U00204,4,Notifications,The new automation routine is a game changer.,S000692
F000252,U00205,3,Collaboration,Ran into a few slowdowns during peak hours.,S000693
F000253,U00205,4,Integrations,"App crashed once while editing settings, but recovered quickly.",S000695
F000254,U00205,3,Settings,Notifications feel noisy—maybe add batching?,S000698
F000255,U00206,2,Integrations,"Super intuitive flow, helped me finish tasks faster.",S000700
F000256,U00207,3,Reporting,The new automation routine is a game changer.,S000702
F000257,U00208,1,Integrations,"App crashed once while editing settings, but recovered quickly.",S000705
F000258,U00208,2,Integrations,Collaboration tools could integrate better with Slack.,S000709
F000259,U00209,1,Notifications,"Mobile experience is fantastic, thanks!",S000710
F000260,U00210,3,Integrations,"Mobile experience is fantastic, thanks!",S000711
F000261,U00210,1,Dashboard,Ran into a few slowdowns during peak hours.,S000712
F000262,U00211,1,Insights,Collaboration tools could integrate better with Slack.,S000713
F000263,U00211,4,Settings,The new automation routine is a game changer.,S000717
F000264,U00211,2,Notifications,The new automation routine is a game changer.,S000718
F000265,U00212,3,Notifications,Would love to see more customization options.,S000720
F000266,U00214,4,Insights,Would love to see more customization options.,S000727
F000267,U00214,2,Automation,The new automation routine is a game changer.,S000728
F000268,U00215,1,Collaboration,"App crashed once while editing settings, but recovered quickly.",S000729
F000269,U00216,5,Notifications,The new automation routine is a game changer.,S000732
F000270,U00217,2,Automation,Collaboration tools could integrate better with Slack.,S000734
F000271,U00217,5,Settings,Collaboration tools could integrate better with Slack.,S000735
F000272,U00218,4,Automation,Would love to see more customization options.,S000737
F000273,U00219,1,Reporting,The new automation routine is a game changer.,S000742
F000274,U00219,1,Insights,Notifications feel noisy—maybe add batching?,S000744
F000275,U00220,4,Reporting,Ran into a few slowdowns during peak hours.,S000746
F000276,U00220,4,Collaboration,Reporting export worked flawlessly for my client update.,S000749
F000277,U00220,2,Integrations,Ran into a few slowdowns during peak hours.,S000750
F000278,U00221,3,Collaboration,The new automation routine is a game changer.,S000752
F000279,U00221,4,Integrations,Collaboration tools could integrate better with Slack.,S000756
F000280,U00222,4,Automation,"Great overall, but the insights could be more actionable.",S000757
F000281,U00222,5,Automation,Reporting export worked flawlessly for my client update.,S000759
F000282,U00222,4,Notifications,Reporting export worked flawlessly for my client update.,S000761
F000283,U00222,4,Notifications,"Great overall, but the insights could be more actionable.",S000762
F000284,U00224,1,Settings,Ran into a few slowdowns during peak hours.,S000767
F000285,U00225,2,Reporting,"Super intuitive flow, helped me finish tasks faster.",S000771
F000286,U00226,3,Notifications,Would love to see more customization options.,S000774
F000287,U00226,1,Automation,Collaboration tools could integrate better with Slack.,S000775
F000288,U00228,2,Automation,"App crashed once while editing settings, but recovered quickly.",S000779
F000289,U00230,3,Integrations,"Great overall, but the insights could be more actionable.",S000786
F000290,U00232,1,Integrations,"Super intuitive flow, helped me finish tasks faster.",S000791
F000291,U00233,5,Notifications,Would love to see more customization options.,S000792
F000292,U00233,5,Notifications,The new automation routine is a game changer.,S000793
F000293,U00233,2,Dashboard,"Great overall, but the insights could be more actionable.",S000794
F000294,U00233,1,Settings,"App crashed once while editing settings, but recovered quickly.",S000796
F000295,U00234,2,Settings,The new automation routine is a game changer.,S000799
F000296,U00235,1,Notifications,Ran into a few slowdowns during peak hours.,S000805
F000297,U00236,1,Automation,"Mobile experience is fantastic, thanks!",S000806
F000298,U00237,3,Collaboration,The new automation routine is a game changer.,S000808
F000299,U00237,4,Settings,"Super intuitive flow, helped me finish tasks faster.",S000810
F000300,U00238,2,Settings,"Super intuitive flow, helped me finish tasks faster.",S000818
F000301,U00239,3,Settings,"Great overall, but the insights could be more actionable.",S000821
F000302,U00240,5,Reporting,Collaboration tools could integrate better with Slack.,S000822
F000303,U00240,1,Insights,The new automation routine is a game changer.,S000823
F000304,U00240,5,Reporting,Would love to see more customization options.,S000824
F000305,U00241,3,Automation,Collaboration tools could integrate better with Slack.,S000831
F000306,U00241,3,Dashboard,"Mobile experience is fantastic, thanks!",S000832
F000307,U00242,5,Dashboard,Notifications feel noisy—maybe add batching?,S000834
F000308,U00242,1,Dashboard,Notifications feel noisy—maybe add batching?,S000835
F000309,U00242,2,Insights,Reporting export worked flawlessly for my client update.,S000836
F000310,U00242,2,Reporting,The new automation routine is a game changer.,S000839
F000311,U00244,2,Integrations,Notifications feel noisy—maybe add batching?,S000842
F000312,U00245,1,Dashboard,Would love to see more customization options.,S000845
F000313,U00245,3,Integrations,Would love to see more customization options.,S000848
F000314,U00247,5,Dashboard,Ran into a few slowdowns during peak hours.,S000852
F000315,U00250,1,Settings,Would love to see more customization options.,S000860
F000316,U00250,5,Settings,Collaboration tools could integrate better with Slack.,S000861
F000317,U00251,5,Integrations,Collaboration tools could integrate better with Slack.,S000865
F000318,U00253,2,Notifications,Collaboration tools could integrate better with Slack.,S000869
F000319,U00253,1,Reporting,"Super intuitive flow, helped me finish tasks faster.",S000870
F000320,U00253,5,Collaboration,Reporting export worked flawlessly for my client update.,S000871
F000321,U00254,3,Insights,"Great overall, but the insights could be more actionable.",S000872
F000322,U00254,3,Integrations,Ran into a few slowdowns during peak hours.,S000873
F000323,U00255,2,Collaboration,"Great overall, but the insights could be more actionable.",S000875
F000324,U00256,4,Settings,Ran into a few slowdowns during peak hours.,S000879
F000325,U00256,4,Reporting,"Mobile experience is fantastic, thanks!",S000880
F000326,U00257,3,Automation,Collaboration tools could integrate better with Slack.,S000881
F000327,U00258,2,Dashboard,Ran into a few slowdowns during peak hours.,S000885
F000328,U00259,2,Integrations,Ran into a few slowdowns during peak hours.,S000887
F000329,U00261,3,Insights,Reporting export worked flawlessly for my client update.,S000892
F000330,U00262,2,Reporting,Notifications feel noisy—maybe add batching?,S000895
F000331,U00262,5,Integrations,The new automation routine is a game changer.,S000898
F000332,U00263,5,Integrations,Ran into a few slowdowns during peak hours.,S000900
F000333,U00264,2,Integrations,"App crashed once while editing settings, but recovered quickly.",S000905
F000334,U00265,5,Automation,Ran into a few slowdowns during peak hours.,S000909
F000335,U00265,4,Settings,The new automation routine is a game changer.,S000910
F000336,U00265,5,Dashboard,"Super intuitive flow, helped me finish tasks faster.",S000911
F000337,U00265,1,Dashboard,Ran into a few slowdowns during peak hours.,S000913
F000338,U00266,2,Automation,Notifications feel noisy—maybe add batching?,S000915
F000339,U00266,4,Integrations,"App crashed once while editing settings, but recovered quickly.",S000919
F000340,U00267,5,Settings,Would love to see more customization options.,S000920
F000341,U00272,5,Settings,"Mobile experience is fantastic, thanks!",S000930
F000342,U00272,3,Dashboard,"Super intuitive flow, helped me finish tasks faster.",S000932
F000343,U00272,3,Notifications,Collaboration tools could integrate better with Slack.,S000935
F000344,U00274,1,Insights,Notifications feel noisy—maybe add batching?,S000941
F000345,U00274,5,Dashboard,"App crashed once while editing settings, but recovered quickly.",S000942
F000346,U00274,3,Integrations,The new automation routine is a game changer.,S000943
F000347,U00274,5,Insights,Would love to see more customization options.,S000946
F000348,U00276,1,Dashboard,Would love to see more customization options.,S000948
F000349,U00276,1,Dashboard,"Mobile experience is fantastic, thanks!",S000951
F000350,U00276,4,Reporting,"Mobile experience is fantastic, thanks!",S000952
F000351,U00277,3,Integrations,Reporting export worked flawlessly for my client update.,S000954
F000352,U00278,3,Automation,"Mobile experience is fantastic, thanks!",S000958
F000353,U00278,4,Insights,"Great overall, but the insights could be more actionable.",S000960
F000354,U00279,3,Settings,"App crashed once while editing settings, but recovered quickly.",S000961
F000355,U00281,2,Notifications,"Super intuitive flow, helped me finish tasks faster.",S000970
F000356,U00281,4,Notifications,Collaboration tools could integrate better with Slack.,S000972
F000357,U00281,5,Notifications,Notifications feel noisy—maybe add batching?,S000974
F000358,U00282,5,Notifications,"App crashed once while editing settings, but recovered quickly.",S000976
F000359,U00282,1,Dashboard,Ran into a few slowdowns during peak hours.,S000978
F000360,U00283,4,Dashboard,Would love to see more customization options.,S000979
F000361,U00283,4,Dashboard,Reporting export worked flawlessly for my client update.,S000980
F000362,U00283,1,Reporting,Notifications feel noisy—maybe add batching?,S000981
F000363,U00283,2,Integrations,Would love to see more customization options.,S000982
F000364,U00285,2,Reporting,Collaboration tools could integrate better with Slack.,S000988
F000365,U00287,1,Insights,"Super intuitive flow, helped me finish tasks faster.",S000994
F000366,U00288,1,Dashboard,"Mobile experience is fantastic, thanks!",S000995
F000367,U00288,4,Insights,"Super intuitive flow, helped me finish tasks faster.",S000998
F000368,U00288,5,Dashboard,Ran into a few slowdowns during peak hours.,S001000
F000369,U00290,3,Insights,Reporting export worked flawlessly for my client update.,S001003
F000370,U00291,2,Dashboard,Notifications feel noisy—maybe add batching?,S001008
F000371,U00293,4,Settings,Ran into a few slowdowns during peak hours.,S001012
F000372,U00295,2,Settings,"Mobile experience is fantastic, thanks!",S001017
F000373,U00295,5,Automation,"App crashed once while editing settings, but recovered quickly.",S001018
F000374,U00297,1,Dashboard,Reporting export worked flawlessly for my client update.,S001025
F000375,U00298,5,Settings,"App crashed once while editing settings, but recovered quickly.",S001030
F000376,U00299,2,Insights,"Mobile experience is fantastic, thanks!",S001034
F000377,U00299,3,Notifications,Collaboration tools could integrate better with Slack.,S001036
F000378,U00301,4,Settings,"App crashed once while editing settings, but recovered quickly.",S001043
F000379,U00302,4,Integrations,Collaboration tools could integrate better with Slack.,S001045
F000380,U00302,5,Collaboration,Collaboration tools could integrate better with Slack.,S001047
F000381,U00304,4,Notifications,"App crashed once while editing settings, but recovered quickly.",S001053
F000382,U00304,2,Notifications,Collaboration tools could integrate better with Slack.,S001055
F000383,U00308,2,Dashboard,"App crashed once while editing settings, but recovered quickly.",S001066
F000384,U00308,5,Collaboration,Reporting export worked flawlessly for my client update.,S001067
F000385,U00309,3,Reporting,"Great overall, but the insights could be more actionable.",S001069
F000386,U00312,2,Reporting,"Mobile experience is fantastic, thanks!",S001076
F000387,U00312,1,Insights,Notifications feel noisy—maybe add batching?,S001077
F000388,U00313,4,Insights,Collaboration tools could integrate better with Slack.,S001078
F000389,U00313,5,Collaboration,"Great overall, but the insights could be more actionable.",S001079
F000390,U00313,2,Reporting,Collaboration tools could integrate better with Slack.,S001080
F000391,U00314,5,Integrations,Would love to see more customization options.,S001082
F000392,U00315,4,Dashboard,"Super intuitive flow, helped me finish tasks faster.",S001085
F000393,U00315,5,Notifications,Notifications feel noisy—maybe add batching?,S001088
F000394,U00316,2,Integrations,"Mobile experience is fantastic, thanks!",S001089
F000395,U00318,1,Notifications,Reporting export worked flawlessly for my client update.,S001098
F000396,U00318,5,Settings,"Super intuitive flow, helped me finish tasks faster.",S001100
F000397,U00318,1,Settings,"Great overall, but the insights could be more actionable.",S001102
F000398,U00319,2,Notifications,The new automation routine is a game changer.,S001103
F000399,U00320,1,Dashboard,Collaboration tools could integrate better with Slack.,S001106
F000400,U00320,1,Dashboard,"App crashed once while editing settings, but recovered quickly.",S001107
F000401,U00321,2,Automation,Ran into a few slowdowns during peak hours.,S001109
F000402,U00322,5,Integrations,Reporting export worked flawlessly for my client update.,S001113
F000403,U00322,3,Dashboard,Reporting export worked flawlessly for my client update.,S001114
F000404,U00322,3,Automation,Collaboration tools could integrate better with Slack.,S001117
F000405,U00323,4,Integrations,The new automation routine is a game changer.,S001124
F000406,U00325,3,Collaboration,Notifications feel noisy—maybe add batching?,S001126
F000407,U00325,1,Automation,Collaboration tools could integrate better with Slack.,S001127
F000408,U00331,4,Automation,"Mobile experience is fantastic, thanks!",S001148
F000409,U00331,2,Dashboard,"App crashed once while editing settings, but recovered quickly.",S001149
F000410,U00332,5,Automation,The new automation routine is a game changer.,S001152
F000411,U00332,4,Collaboration,Notifications feel noisy—maybe add batching?,S001153
F000412,U00332,4,Reporting,"Mobile experience is fantastic, thanks!",S001154
F000413,U00332,1,Automation,Reporting export worked flawlessly for my client update.,S001155
F000414,U00335,1,Dashboard,"App crashed once while editing settings, but recovered quickly.",S001162
F000415,U00335,2,Collaboration,"Great overall, but the insights could be more actionable.",S001163
F000416,U00336,4,Integrations,The new automation routine is a game changer.,S001164
F000417,U00337,5,Reporting,Notifications feel noisy—maybe add batching?,S001167
F000418,U00339,5,Dashboard,Would love to see more customization options.,S001172
F000419,U00340,3,Insights,Reporting export worked flawlessly for my client update.,S001174
F000420,U00341,2,Dashboard,Notifications feel noisy—maybe add batching?,S001175
F000421,U00341,2,Insights,Notifications feel noisy—maybe add batching?,S001177
F000422,U00341,2,Insights,Ran into a few slowdowns during peak hours.,S001178
F000423,U00344,1,Insights,Would love to see more customization options.,S001188
F000424,U00344,3,Dashboard,Notifications feel noisy—maybe add batching?,S001189
F000425,U00345,3,Notifications,"App crashed once while editing settings, but recovered quickly.",S001191
F000426,U00345,4,Settings,Ran into a few slowdowns during peak hours.,S001193
F000427,U00346,1,Reporting,"App crashed once while editing settings, but recovered quickly.",S001195
F000428,U00346,2,Reporting,Reporting export worked flawlessly for my client update.,S001196
F000429,U00346,1,Automation,Collaboration tools could integrate better with Slack.,S001197
F000430,U00348,1,Integrations,Notifications feel noisy—maybe add batching?,S001203
F000431,U00348,3,Reporting,The new automation routine is a game changer.,S001204
F000432,U00351,4,Collaboration,The new automation routine is a game changer.,S001211
F000433,U00352,1,Reporting,"App crashed once while editing settings, but recovered quickly.",S001215
F000434,U00353,4,Automation,Would love to see more customization options.,S001220
F000435,U00353,4,Dashboard,"Mobile experience is fantastic, thanks!",S001221
F000436,U00353,1,Integrations,Collaboration tools could integrate better with Slack.,S001222
F000437,U00353,5,Dashboard,Collaboration tools could integrate better with Slack.,S001223
F000438,U00354,4,Collaboration,"Super intuitive flow, helped me finish tasks faster.",S001225
F000439,U00354,5,Reporting,Would love to see more customization options.,S001227
F000440,U00355,3,Dashboard,Reporting export worked flawlessly for my client update.,S001230
F000441,U00357,4,Integrations,The new automation routine is a game changer.,S001235
F000442,U00357,2,Collaboration,Notifications feel noisy—maybe add batching?,S001237
F000443,U00359,3,Insights,Notifications feel noisy—maybe add batching?,S001243
F000444,U00360,3,Collaboration,Collaboration tools could integrate better with Slack.,S001245
F000445,U00360,1,Notifications,"Mobile experience is fantastic, thanks!",S001246
F000446,U00361,2,Insights,The new automation routine is a game changer.,S001247
F000447,U00361,4,Reporting,Reporting export worked flawlessly for my client update.,S001248
F000448,U00362,3,Automation,"Great overall, but the insights could be more actionable.",S001252
F000449,U00362,3,Automation,The new automation routine is a game changer.,S001253
F000450,U00363,5,Reporting,The new automation routine is a game changer.,S001258
F000451,U00364,1,Notifications,"Great overall, but the insights could be more actionable.",S001260
F000452,U00364,1,Reporting,"Super intuitive flow, helped me finish tasks faster.",S001262
F000453,U00365,4,Notifications,Collaboration tools could integrate better with Slack.,S001265
F000454,U00366,2,Insights,Collaboration tools could integrate better with Slack.,S001270
F000455,U00366,5,Insights,"Super intuitive flow, helped me finish tasks faster.",S001271
F000456,U00368,1,Collaboration,Collaboration tools could integrate better with Slack.,S001275
F000457,U00368,3,Integrations,The new automation routine is a game changer.,S001277
F000458,U00371,5,Insights,Reporting export worked flawlessly for my client update.,S001287
F000459,U00371,3,Reporting,"Super intuitive flow, helped me finish tasks faster.",S001289
F000460,U00371,2,Dashboard,Ran into a few slowdowns during peak hours.,S001290
F000461,U00373,4,Dashboard,The new automation routine is a game changer.,S001294
F000462,U00373,3,Dashboard,Ran into a few slowdowns during peak hours.,S001296
F000463,U00375,1,Automation,"Super intuitive flow, helped me finish tasks faster.",S001301
F000464,U00376,4,Integrations,Reporting export worked flawlessly for my client update.,S001304
F000465,U00376,1,Notifications,The new automation routine is a game changer.,S001305
F000466,U00377,1,Collaboration,"Mobile experience is fantastic, thanks!",S001308
F000467,U00377,3,Insights,The new automation routine is a game changer.,S001311
F000468,U00378,4,Dashboard,Would love to see more customization options.,S001312
F000469,U00379,1,Insights,The new automation routine is a game changer.,S001314
F000470,U00380,1,Collaboration,Would love to see more customization options.,S001318
F000471,U00381,1,Collaboration,"Mobile experience is fantastic, thanks!",S001324
F000472,U00382,4,Collaboration,Collaboration tools could integrate better with Slack.,S001327
F000473,U00384,1,Dashboard,Reporting export worked flawlessly for my client update.,S001334
F000474,U00385,3,Insights,"Super intuitive flow, helped me finish tasks faster.",S001335
F000475,U00386,3,Dashboard,"Mobile experience is fantastic, thanks!",S001340
F000476,U00386,2,Collaboration,"App crashed once while editing settings, but recovered quickly.",S001342
F000477,U00387,3,Insights,Would love to see more customization options.,S001343
F000478,U00387,3,Automation,Reporting export worked flawlessly for my client update.,S001346
F000479,U00387,3,Settings,"Great overall, but the insights could be more actionable.",S001347
F000480,U00389,4,Insights,"Great overall, but the insights could be more actionable.",S001350
F000481,U00389,4,Integrations,Would love to see more customization options.,S001351
F000482,U00389,4,Insights,"Mobile experience is fantastic, thanks!",S001352
F000483,U00390,3,Settings,Would love to see more customization options.,S001356
F000484,U00390,4,Settings,"App crashed once while editing settings, but recovered quickly.",S001357
F000485,U00392,5,Integrations,Notifications feel noisy—maybe add batching?,S001363
F000486,U00392,2,Collaboration,Notifications feel noisy—maybe add batching?,S001365
F000487,U00393,4,Settings,Ran into a few slowdowns during peak hours.,S001368
F000488,U00393,2,Dashboard,Notifications feel noisy—maybe add batching?,S001370
F000489,U00394,4,Settings,Would love to see more customization options.,S001372
F000490,U00394,1,Reporting,Ran into a few slowdowns during peak hours.,S001374
F000491,U00394,2,Insights,"Great overall, but the insights could be more actionable.",S001375
F000492,U00398,4,Collaboration,"Super intuitive flow, helped me finish tasks faster.",S001389
F000493,U00398,5,Collaboration,"App crashed once while editing settings, but recovered quickly.",S001390
F000494,U00399,2,Insights,Reporting export worked flawlessly for my client update.,S001393
F000495,U00399,2,Insights,Ran into a few slowdowns during peak hours.,S001395
F000496,U00400,3,Collaboration,Notifications feel noisy—maybe add batching?,S001397
F000497,U00400,3,Dashboard,Collaboration tools could integrate better with Slack.,S001398
F000498,U00402,4,Notifications,Ran into a few slowdowns during peak hours.,S001402
F000499,U00402,1,Collaboration,"Super intuitive flow, helped me finish tasks faster.",S001404
F000500,U00402,1,Integrations,"Great overall, but the insights could be more actionable.",S001405
F000501,U00407,5,Integrations,Notifications feel noisy—maybe add batching?,S001416
F000502,U00409,2,Insights,"App crashed once while editing settings, but recovered quickly.",S001420
F000503,U00409,3,Settings,Reporting export worked flawlessly for my client update.,S001421
F000504,U00411,1,Settings,Would love to see more customization options.,S001427
F000505,U00412,4,Collaboration,Would love to see more customization options.,S001434
F000506,U00412,4,Reporting,Reporting export worked flawlessly for my client update.,S001435
F000507,U00413,4,Insights,Collaboration tools could integrate better with Slack.,S001437
F000508,U00414,5,Insights,Would love to see more customization options.,S001440
F000509,U00416,1,Insights,The new automation routine is a game changer.,S001450
F000510,U00417,1,Settings,"App crashed once while editing settings, but recovered quickly.",S001452
F000511,U00417,2,Insights,Collaboration tools could integrate better with Slack.,S001453
F000512,U00417,2,Settings,Would love to see more customization options.,S001454
F000513,U00417,4,Reporting,Notifications feel noisy—maybe add batching?,S001456
F000514,U00418,5,Dashboard,The new automation routine is a game changer.,S001459
F000515,U00420,3,Automation,Reporting export worked flawlessly for my client update.,S001461
F000516,U00420,2,Reporting,Collaboration tools could integrate better with Slack.,S001463
F000517,U00420,5,Insights,Ran into a few slowdowns during peak hours.,S001466
F000518,U00422,2,Notifications,Ran into a few slowdowns during peak hours.,S001468
F000519,U00423,3,Insights,"Great overall, but the insights could be more actionable.",S001472
F000520,U00423,5,Insights,Notifications feel noisy—maybe add batching?,S001474
F000521,U00424,2,Collaboration,Collaboration tools could integrate better with Slack.,S001479
F000522,U00425,5,Settings,The new automation routine is a game changer.,S001481
F000523,U00425,3,Insights,The new automation routine is a game changer.,S001483
F000524,U00426,1,Reporting,Collaboration tools could integrate better with Slack.,S001486
F000525,U00426,1,Collaboration,"Super intuitive flow, helped me finish tasks faster.",S001487
F000526,U00429,3,Dashboard,"Mobile experience is fantastic, thanks!",S001501
F000527,U00431,1,Settings,Collaboration tools could integrate better with Slack.,S001509
F000528,U00432,2,Collaboration,"Great overall, but the insights could be more actionable.",S001511
F000529,U00433,4,Collaboration,Notifications feel noisy—maybe add batching?,S001516
F000530,U00434,2,Notifications,Ran into a few slowdowns during peak hours.,S001519
F000531,U00434,5,Collaboration,"Super intuitive flow, helped me finish tasks faster.",S001522
F000532,U00435,2,Settings,Reporting export worked flawlessly for my client update.,S001525
F000533,U00435,1,Insights,"Mobile experience is fantastic, thanks!",S001526
F000534,U00435,3,Automation,Notifications feel noisy—maybe add batching?,S001527
F000535,U00436,5,Automation,Ran into a few slowdowns during peak hours.,S001528
F000536,U00438,3,Collaboration,Reporting export worked flawlessly for my client update.,S001531
F000537,U00438,5,Automation,"App crashed once while editing settings, but recovered quickly.",S001532
F000538,U00439,5,Settings,Would love to see more customization options.,S001536
F000539,U00439,5,Automation,Would love to see more customization options.,S001539
F000540,U00439,3,Collaboration,"Great overall, but the insights could be more actionable.",S001540
F000541,U00441,2,Automation,Reporting export worked flawlessly for my client update.,S001545
F000542,U00443,1,Dashboard,The new automation routine is a game changer.,S001552
F000543,U00444,3,Automation,Ran into a few slowdowns during peak hours.,S001553
F000544,U00446,2,Collaboration,"App crashed once while editing settings, but recovered quickly.",S001556
F000545,U00448,2,Reporting,The new automation routine is a game changer.,S001562
F000546,U00448,4,Insights,"Great overall, but the insights could be more actionable.",S001563
F000547,U00448,1,Collaboration,"Great overall, but the insights could be more actionable.",S001564
F000548,U00450,3,Notifications,Notifications feel noisy—maybe add batching?,S001569
F000549,U00450,4,Notifications,"Mobile experience is fantastic, thanks!",S001570
F000550,U00451,2,Collaboration,Notifications feel noisy—maybe add batching?,S001572
F000551,U00451,2,Automation,The new automation routine is a game changer.,S001575
F000552,U00453,5,Settings,Collaboration tools could integrate better with Slack.,S001577
F000553,U00453,1,Settings,Reporting export worked flawlessly for my client update.,S001579
F000554,U00453,2,Notifications,Collaboration tools could integrate better with Slack.,S001581
F000555,U00454,4,Automation,The new automation routine is a game changer.,S001585
F000556,U00454,1,Reporting,Ran into a few slowdowns during peak hours.,S001586
F000557,U00457,4,Settings,Notifications feel noisy—maybe add batching?,S001598
F000558,U00457,3,Insights,"App crashed once while editing settings, but recovered quickly.",S001599
F000559,U00457,4,Insights,"Mobile experience is fantastic, thanks!",S001601
F000560,U00459,5,Reporting,Notifications feel noisy—maybe add batching?,S001603
F000561,U00459,5,Integrations,The new automation routine is a game changer.,S001604
F000562,U00461,1,Settings,Would love to see more customization options.,S001615
F000563,U00464,3,Integrations,Would love to see more customization options.,S001622
F000564,U00464,2,Automation,"App crashed once while editing settings, but recovered quickly.",S001623
F000565,U00464,4,Integrations,Reporting export worked flawlessly for my client update.,S001624
F000566,U00465,3,Insights,"Mobile experience is fantastic, thanks!",S001627
F000567,U00465,1,Settings,"App crashed once while editing settings, but recovered quickly.",S001630
F000568,U00466,2,Collaboration,Notifications feel noisy—maybe add batching?,S001632
F000569,U00468,3,Reporting,"Super intuitive flow, helped me finish tasks faster.",S001639
F000570,U00471,3,Automation,"Super intuitive flow, helped me finish tasks faster.",S001645
F000571,U00472,3,Notifications,"Mobile experience is fantastic, thanks!",S001646
F000572,U00474,1,Notifications,Reporting export worked flawlessly for my client update.,S001653
F000573,U00475,2,Reporting,"App crashed once while editing settings, but recovered quickly.",S001654
F000574,U00475,4,Automation,"Mobile experience is fantastic, thanks!",S001656
F000575,U00476,4,Collaboration,"Mobile experience is fantastic, thanks!",S001658
F000576,U00477,4,Collaboration,Reporting export worked flawlessly for my client update.,S001664
F000577,U00478,1,Dashboard,Would love to see more customization options.,S001666
F000578,U00479,5,Settings,"Great overall, but the insights could be more actionable.",S001668
F000579,U00479,5,Collaboration,"Super intuitive flow, helped me finish tasks faster.",S001669
F000580,U00484,2,Settings,The new automation routine is a game changer.,S001683
F000581,U00484,3,Collaboration,"Great overall, but the insights could be more actionable.",S001684
F000582,U00484,5,Settings,The new automation routine is a game changer.,S001685
F000583,U00485,5,Insights,Ran into a few slowdowns during peak hours.,S001686
F000584,U00485,3,Integrations,Collaboration tools could integrate better with Slack.,S001687
F000585,U00486,1,Integrations,The new automation routine is a game changer.,S001688
F000586,U00487,3,Integrations,"App crashed once while editing settings, but recovered quickly.",S001691
F000587,U00488,4,Notifications,Collaboration tools could integrate better with Slack.,S001693
F000588,U00488,4,Integrations,"Mobile experience is fantastic, thanks!",S001694
F000589,U00489,1,Integrations,"App crashed once while editing settings, but recovered quickly.",S001695
F000590,U00489,4,Reporting,"Great overall, but the insights could be more actionable.",S001696
F000591,U00489,3,Collaboration,Notifications feel noisy—maybe add batching?,S001697
F000592,U00489,3,Collaboration,"App crashed once while editing settings, but recovered quickly.",S001700
F000593,U00493,3,Notifications,"Super intuitive flow, helped me finish tasks faster.",S001710
F000594,U00494,5,Integrations,Reporting export worked flawlessly for my client update.,S001714
F000595,U00495,1,Insights,Reporting export worked flawlessly for my client update.,S001715
F000596,U00495,5,Dashboard,"Super intuitive flow, helped me finish tasks faster.",S001719
F000597,U00496,3,Dashboard,Collaboration tools could integrate better with Slack.,S001721
F000598,U00496,3,Automation,Reporting export worked flawlessly for my client update.,S001725
F000599,U00497,3,Settings,Reporting export worked flawlessly for my client update.,S001726
F000600,U00498,2,Collaboration,Ran into a few slowdowns during peak hours.,S001727
F000601,U00499,1,Dashboard,Notifications feel noisy—maybe add batching?,S001730
F000602,U00500,1,Collaboration,Notifications feel noisy—maybe add batching?,S001734
F000603,U00501,5,Settings,Reporting export worked flawlessly for my client update.,S001739
F000604,U00502,1,Reporting,"Mobile experience is fantastic, thanks!",S001741
F000605,U00503,4,Automation,Collaboration tools could integrate better with Slack.,S001742
F000606,U00504,3,Integrations,"App crashed once while editing settings, but recovered quickly.",S001744
F000607,U00504,4,Integrations,"Super intuitive flow, helped me finish tasks faster.",S001746
F000608,U00505,4,Settings,Collaboration tools could integrate better with Slack.,S001747
F000609,U00506,5,Dashboard,Reporting export worked flawlessly for my client update.,S001752
F000610,U00507,5,Reporting,"Super intuitive flow, helped me finish tasks faster.",S001755
F000611,U00508,2,Collaboration,The new automation routine is a game changer.,S001758
F000612,U00508,2,Notifications,"App crashed once while editing settings, but recovered quickly.",S001759
F000613,U00508,1,Reporting,Notifications feel noisy—maybe add batching?,S001761
F000614,U00509,1,Reporting,Would love to see more customization options.,S001767
F000615,U00510,1,Settings,Collaboration tools could integrate better with Slack.,S001768
F000616,U00510,4,Automation,"App crashed once while editing settings, but recovered quickly.",S001769
F000617,U00510,5,Insights,Notifications feel noisy—maybe add batching?,S001771
F000618,U00511,3,Integrations,Notifications feel noisy—maybe add batching?,S001774
F000619,U00512,3,Automation,Notifications feel noisy—maybe add batching?,S001777
F000620,U00512,2,Collaboration,"Mobile experience is fantastic, thanks!",S001778
F000621,U00512,3,Insights,"Mobile experience is fantastic, thanks!",S001780
F000622,U00514,4,Integrations,Notifications feel noisy—maybe add batching?,S001785
F000623,U00514,1,Collaboration,Reporting export worked flawlessly for my client update.,S001786
F000624,U00514,2,Dashboard,Ran into a few slowdowns during peak hours.,S001787
F000625,U00515,4,Reporting,"Mobile experience is fantastic, thanks!",S001790
F000626,U00515,5,Reporting,Ran into a few slowdowns during peak hours.,S001792
F000627,U00517,5,Dashboard,"Great overall, but the insights could be more actionable.",S001796
F000628,U00521,5,Notifications,The new automation routine is a game changer.,S001810
F000629,U00521,2,Automation,"Mobile experience is fantastic, thanks!",S001813
F000630,U00523,1,Collaboration,"Mobile experience is fantastic, thanks!",S001818
F000631,U00523,3,Settings,The new automation routine is a game changer.,S001819
F000632,U00524,5,Notifications,Notifications feel noisy—maybe add batching?,S001820
F000633,U00524,5,Reporting,"Great overall, but the insights could be more actionable.",S001822
F000634,U00526,1,Reporting,Ran into a few slowdowns during peak hours.,S001829
F000635,U00526,1,Insights,Notifications feel noisy—maybe add batching?,S001831
F000636,U00527,2,Insights,Reporting export worked flawlessly for my client update.,S001833
F000637,U00527,1,Insights,Reporting export worked flawlessly for my client update.,S001836
F000638,U00527,2,Dashboard,Notifications feel noisy—maybe add batching?,S001837
F000639,U00528,4,Integrations,"Mobile experience is fantastic, thanks!",S001838
F000640,U00528,1,Dashboard,"Great overall, but the insights could be more actionable.",S001839
F000641,U00529,4,Settings,Collaboration tools could integrate better with Slack.,S001845
F000642,U00529,3,Reporting,Notifications feel noisy—maybe add batching?,S001846
F000643,U00529,5,Notifications,"Great overall, but the insights could be more actionable.",S001847
F000644,U00530,5,Automation,Reporting export worked flawlessly for my client update.,S001849
F000645,U00530,4,Automation,Would love to see more customization options.,S001850
F000646,U00532,1,Settings,Collaboration tools could integrate better with Slack.,S001854
F000647,U00532,1,Notifications,Ran into a few slowdowns during peak hours.,S001856
F000648,U00532,1,Settings,"Mobile experience is fantastic, thanks!",S001858
F000649,U00532,5,Notifications,Ran into a few slowdowns during peak hours.,S001859
F000650,U00534,2,Automation,"App crashed once while editing settings, but recovered quickly.",S001870
F000651,U00535,1,Dashboard,Reporting export worked flawlessly for my client update.,S001873
F000652,U00536,3,Integrations,Ran into a few slowdowns during peak hours.,S001875
F000653,U00539,1,Dashboard,"App crashed once while editing settings, but recovered quickly.",S001880
F000654,U00540,3,Integrations,Ran into a few slowdowns during peak hours.,S001882
F000655,U00540,2,Integrations,Would love to see more customization options.,S001883
F000656,U00540,3,Insights,Notifications feel noisy—maybe add batching?,S001884
F000657,U00540,1,Reporting,"Mobile experience is fantastic, thanks!",S001885
F000658,U00542,2,Settings,"Super intuitive flow, helped me finish tasks faster.",S001888
F000659,U00542,5,Dashboard,Ran into a few slowdowns during peak hours.,S001890
F000660,U00544,4,Reporting,Notifications feel noisy—maybe add batching?,S001893
F000661,U00545,4,Reporting,"Super intuitive flow, helped me finish tasks faster.",S001895
F000662,U00546,1,Reporting,Collaboration tools could integrate better with Slack.,S001897
F000663,U00547,1,Settings,Reporting export worked flawlessly for my client update.,S001900
F000664,U00549,5,Integrations,"Mobile experience is fantastic, thanks!",S001904
F000665,U00551,2,Settings,"Super intuitive flow, helped me finish tasks faster.",S001913
F000666,U00552,2,Dashboard,Would love to see more customization options.,S001915
F000667,U00553,3,Integrations,"Great overall, but the insights could be more actionable.",S001920
F000668,U00554,4,Insights,"Great overall, but the insights could be more actionable.",S001921
F000669,U00554,1,Collaboration,Reporting export worked flawlessly for my client update.,S001923
F000670,U00554,3,Reporting,The new automation routine is a game changer.,S001924
F000671,U00555,5,Insights,Notifications feel noisy—maybe add batching?,S001928
F000672,U00556,3,Collaboration,Notifications feel noisy—maybe add batching?,S001931
F000673,U00558,1,Reporting,The new automation routine is a game changer.,S001938
F000674,U00558,4,Integrations,"Super intuitive flow, helped me finish tasks faster.",S001939
F000675,U00559,5,Settings,"Mobile experience is fantastic, thanks!",S001941
F000676,U00561,5,Notifications,Ran into a few slowdowns during peak hours.,S001948
F000677,U00561,5,Dashboard,Would love to see more customization options.,S001950
F000678,U00562,3,Collaboration,"Super intuitive flow, helped me finish tasks faster.",S001952
F000679,U00564,5,Automation,Collaboration tools could integrate better with Slack.,S001955
F000680,U00565,4,Automation,Reporting export worked flawlessly for my client update.,S001959
F000681,U00565,3,Automation,"Great overall, but the insights could be more actionable.",S001961
F000682,U00565,5,Integrations,Reporting export worked flawlessly for my client update.,S001962
F000683,U00566,2,Reporting,The new automation routine is a game changer.,S001963
F000684,U00566,4,Reporting,Reporting export worked flawlessly for my client update.,S001964
F000685,U00567,5,Integrations,Notifications feel noisy—maybe add batching?,S001968
F000686,U00568,1,Automation,"Mobile experience is fantastic, thanks!",S001971
F000687,U00569,1,Insights,"Great overall, but the insights could be more actionable.",S001976
F000688,U00570,3,Settings,Reporting export worked flawlessly for my client update.,S001979
F000689,U00570,3,Settings,Notifications feel noisy—maybe add batching?,S001981
F000690,U00573,1,Dashboard,"Great overall, but the insights could be more actionable.",S001986
F000691,U00575,1,Settings,The new automation routine is a game changer.,S001990
F000692,U00575,3,Integrations,Ran into a few slowdowns during peak hours.,S001992
F000693,U00576,3,Notifications,Ran into a few slowdowns during peak hours.,S001993
F000694,U00577,5,Notifications,"App crashed once while editing settings, but recovered quickly.",S001997
F000695,U00578,1,Insights,"Mobile experience is fantastic, thanks!",S002002
F000696,U00579,2,Collaboration,Notifications feel noisy—maybe add batching?,S002004
F000697,U00580,3,Collaboration,"App crashed once while editing settings, but recovered quickly.",S002006
F000698,U00582,3,Settings,"Super intuitive flow, helped me finish tasks faster.",S002014
F000699,U00582,5,Notifications,Collaboration tools could integrate better with Slack.,S002015
F000700,U00582,4,Integrations,Notifications feel noisy—maybe add batching?,S002016
F000701,U00583,3,Collaboration,Collaboration tools could integrate better with Slack.,S002022
F000702,U00584,5,Insights,Would love to see more customization options.,S002025
F000703,U00585,5,Reporting,Collaboration tools could integrate better with Slack.,S002027
F000704,U00586,1,Reporting,Reporting export worked flawlessly for my client update.,S002033
F000705,U00589,2,Settings,Ran into a few slowdowns during peak hours.,S002044
F000706,U00589,5,Reporting,Collaboration tools could integrate better with Slack.,S002046
F000707,U00590,4,Dashboard,"App crashed once while editing settings, but recovered quickly.",S002049
F000708,U00591,4,Reporting,Would love to see more customization options.,S002052
F000709,U00593,4,Reporting,Reporting export worked flawlessly for my client update.,S002058
F000710,U00593,5,Automation,Notifications feel noisy—maybe add batching?,S002059
F000711,U00593,3,Notifications,Reporting export worked flawlessly for my client update.,S002060
F000712,U00593,1,Settings,Notifications feel noisy—maybe add batching?,S002061
F000713,U00594,2,Reporting,"Great overall, but the insights could be more actionable.",S002063
F000714,U00594,1,Integrations,"Super intuitive flow, helped me finish tasks faster.",S002068
F000715,U00595,5,Automation,The new automation routine is a game changer.,S002070
F000716,U00595,4,Integrations,"App crashed once while editing settings, but recovered quickly.",S002072
F000717,U00596,4,Notifications,Ran into a few slowdowns during peak hours.,S002073
F000718,U00597,5,Dashboard,"App crashed once while editing settings, but recovered quickly.",S002076
F000719,U00598,1,Reporting,The new automation routine is a game changer.,S002079
F000720,U00598,1,Dashboard,Would love to see more customization options.,S002082
F000721,U00599,3,Automation,"App crashed once while editing settings, but recovered quickly.",S002083
F000722,U00599,3,Automation,The new automation routine is a game changer.,S002085
F000723,U00600,3,Integrations,"Mobile experience is fantastic, thanks!",S002091
